county,registered_voters,per_turnout,not_voted,orourke,per_orourke,abbott,per_abbott,last_updated,winning,margin
ANDERSON,29494,0.48976062928053166,15049,2545,17.62,11762,81.43,"Dec 13, 2022, 10:49PM",Greg Abbott,9217
ANDREWS,10369,0.36927379689458967,6540,479,12.51,3302,86.24,"Dec 13, 2022, 10:49PM",Greg Abbott,2823
ANGELINA,54088,0.45472193462505545,29493,5174,21.04,19142,77.83,"Dec 13, 2022, 10:49PM",Greg Abbott,13968
ARANSAS,18821,0.5122469581850061,9180,1924,19.96,7581,78.63,"Dec 13, 2022, 10:49PM",Greg Abbott,5657
ARCHER,6557,0.5868537440902852,2709,315,8.19,3498,90.9,"Dec 13, 2022, 10:49PM",Greg Abbott,3183
ARMSTRONG,1445,0.6249134948096886,542,60,6.64,833,92.25,"Dec 13, 2022, 10:49PM",Greg Abbott,773
ATASCOSA,29927,0.4243325425201323,17228,3709,29.21,8801,69.3,"Dec 13, 2022, 10:49PM",Greg Abbott,5092
AUSTIN,20848,0.5374616270145818,9643,1873,16.72,9209,82.19,"Dec 13, 2022, 10:49PM",Greg Abbott,7336
BAILEY,3501,0.38074835761211084,2168,213,15.98,1105,82.9,"Dec 13, 2022, 10:49PM",Greg Abbott,892
BANDERA,17963,0.5834214774814898,7483,1816,17.33,8527,81.36,"Dec 13, 2022, 10:49PM",Greg Abbott,6711
BASTROP,55779,0.5240681977088152,26547,12007,41.07,16707,57.15,"Dec 13, 2022, 10:49PM",Greg Abbott,4700
BAYLOR,2381,0.5489290214195716,1074,105,8.03,1183,90.51,"Dec 13, 2022, 10:49PM",Greg Abbott,1078
BEE,15744,0.4070121951219512,9336,1976,30.84,4347,67.84,"Dec 13, 2022, 10:49PM",Greg Abbott,2371
BELL,227727,0.38614657023541343,139791,34785,39.56,51888,59.01,"Dec 13, 2022, 10:49PM",Greg Abbott,17103
BEXAR,1230662,0.4394122837952257,689894,311023,57.52,221993,41.05,"Dec 13, 2022, 10:49PM",Beto O'Rourke,89030
BLANCO,10137,0.6682450429121042,3363,1522,22.47,5142,75.91,"Dec 13, 2022, 10:49PM",Greg Abbott,3620
BORDEN,462,0.6861471861471862,145,9,2.84,306,96.53,"Dec 13, 2022, 10:49PM",Greg Abbott,297
BOSQUE,13079,0.570991666029513,5611,1099,14.72,6278,84.07,"Dec 13, 2022, 10:49PM",Greg Abbott,5179
BOWIE,60986,0.43577214442658974,34410,6060,22.8,20206,76.03,"Dec 13, 2022, 10:49PM",Greg Abbott,14146
BRAZORIA,234988,0.46783665548879094,125052,43364,39.44,64938,59.07,"Dec 13, 2022, 10:49PM",Greg Abbott,21574
BRAZOS,126123,0.47536135359926424,66169,23103,38.53,35768,59.66,"Dec 13, 2022, 10:49PM",Greg Abbott,12665
BREWSTER,7513,0.5008651670437908,3750,1678,44.59,2014,53.52,"Dec 13, 2022, 10:49PM",Greg Abbott,336
BRISCOE,994,0.5955734406438632,402,49,8.28,539,91.05,"Dec 13, 2022, 10:49PM",Greg Abbott,490
BROOKS,5152,0.38975155279503104,3144,1204,59.96,785,39.09,"Dec 13, 2022, 10:49PM",Beto O'Rourke,419
BROWN,24674,0.49789251844046367,12389,1308,10.65,10853,88.34,"Dec 13, 2022, 10:49PM",Greg Abbott,9545
BURLESON,12901,0.5202697465312767,6189,1142,17.01,5506,82.03,"Dec 13, 2022, 10:49PM",Greg Abbott,4364
BURNET,36364,0.5805466945330546,15253,4337,20.54,16505,78.18,"Dec 13, 2022, 10:49PM",Greg Abbott,12168
CALDWELL,25248,0.4498574144486692,13890,4790,42.17,6351,55.92,"Dec 13, 2022, 10:49PM",Greg Abbott,1561
CALHOUN,12874,0.4343638340842007,7282,1292,23.1,4228,75.61,"Dec 13, 2022, 10:49PM",Greg Abbott,2936
CALLAHAN,10020,0.5255489021956088,4754,444,8.43,4770,90.58,"Dec 13, 2022, 10:49PM",Greg Abbott,4326
CAMERON,227694,0.33859038885521797,150599,41667,54.05,34290,44.48,"Dec 13, 2022, 10:49PM",Beto O'Rourke,7377
CAMP,8041,0.4953364009451561,4058,863,21.67,3082,77.38,"Dec 13, 2022, 10:49PM",Greg Abbott,2219
CARSON,4162,0.5752042287361845,1768,183,7.64,2177,90.94,"Dec 13, 2022, 10:49PM",Greg Abbott,1994
CASS,21145,0.4714589737526602,11176,1460,14.65,8415,84.41,"Dec 13, 2022, 10:49PM",Greg Abbott,6955
CASTRO,3637,0.4105031619466593,2144,239,16.01,1226,82.12,"Dec 13, 2022, 10:49PM",Greg Abbott,987
CHAMBERS,33155,0.474619212788418,17419,2559,16.26,12964,82.38,"Dec 13, 2022, 10:49PM",Greg Abbott,10405
CHEROKEE,30080,0.48148271276595744,15597,2323,16.04,12023,83.01,"Dec 13, 2022, 10:49PM",Greg Abbott,9700
CHILDRESS,3675,0.4764625850340136,1924,162,9.25,1562,89.21,"Dec 13, 2022, 10:49PM",Greg Abbott,1400
CLAY,8066,0.5562856434416067,3579,393,8.76,4052,90.31,"Dec 13, 2022, 10:49PM",Greg Abbott,3659
COCHRAN,1738,0.35443037974683544,1122,95,15.42,506,82.14,"Dec 13, 2022, 10:49PM",Greg Abbott,411
COKE,2265,0.6132450331125828,876,114,8.21,1260,90.71,"Dec 13, 2022, 10:49PM",Greg Abbott,1146
COLEMAN,5986,0.541095890410959,2747,269,8.31,2942,90.83,"Dec 13, 2022, 10:49PM",Greg Abbott,2673
COLLIN,693753,0.5258052938149457,328974,161737,44.34,198236,54.34,"Dec 13, 2022, 10:49PM",Greg Abbott,36499
COLLINGSWORTH,1858,0.49784714747039827,933,75,8.11,845,91.35,"Dec 13, 2022, 10:49PM",Greg Abbott,770
COLORADO,14345,0.5260369466713141,6799,1395,18.49,6084,80.63,"Dec 13, 2022, 10:49PM",Greg Abbott,4689
COMAL,130109,0.574618204736029,55346,19195,25.67,54503,72.9,"Dec 13, 2022, 10:49PM",Greg Abbott,35308
COMANCHE,9832,0.4908462164361269,5006,567,11.75,4203,87.09,"Dec 13, 2022, 10:49PM",Greg Abbott,3636
CONCHO,1731,0.5447718082033507,788,109,11.56,818,86.74,"Dec 13, 2022, 10:49PM",Greg Abbott,709
COOKE,28699,0.5339907313843688,13374,2308,15.06,12815,83.62,"Dec 13, 2022, 10:49PM",Greg Abbott,10507
CORYELL,42839,0.38208174793996125,26471,4450,27.19,11652,71.19,"Dec 13, 2022, 10:49PM",Greg Abbott,7202
COTTLE,956,0.5376569037656904,442,54,10.51,453,88.13,"Dec 13, 2022, 10:49PM",Greg Abbott,399
CRANE,2670,0.4295880149812734,1523,150,13.08,983,85.7,"Dec 13, 2022, 10:49PM",Greg Abbott,833
CROCKETT,2260,0.5632743362831858,987,276,21.68,964,75.73,"Dec 13, 2022, 10:49PM",Greg Abbott,688
CROSBY,3525,0.3557446808510638,2271,255,20.33,990,78.95,"Dec 13, 2022, 10:49PM",Greg Abbott,735
CULBERSON,1599,0.46028767979987495,863,328,44.57,391,53.12,"Dec 13, 2022, 10:49PM",Greg Abbott,63
DALLAM,2898,0.36231884057971014,1848,78,7.43,958,91.24,"Dec 13, 2022, 10:49PM",Greg Abbott,880
DALLAS,1420223,0.4403470440909632,794832,392634,62.78,224684,35.93,"Dec 13, 2022, 10:49PM",Beto O'Rourke,167950
DAWSON,6919,0.36363636363636365,4403,402,15.98,2088,82.99,"Dec 13, 2022, 10:49PM",Greg Abbott,1686
DEAF SMITH,8764,0.33626198083067094,5817,635,21.55,2281,77.4,"Dec 13, 2022, 10:49PM",Greg Abbott,1646
DELTA,3975,0.509937106918239,1948,295,14.55,1711,84.41,"Dec 13, 2022, 10:49PM",Greg Abbott,1416
DENTON,606275,0.5241532307946064,288494,136389,42.92,177017,55.7,"Dec 13, 2022, 10:49PM",Greg Abbott,40628
DEWITT,12174,0.4978643009692788,6113,878,14.49,5151,84.99,"Dec 13, 2022, 10:49PM",Greg Abbott,4273
DICKENS,1370,0.5773722627737227,579,98,12.39,684,86.47,"Dec 13, 2022, 10:49PM",Greg Abbott,586
DIMMIT,6982,0.4119163563448868,4106,1757,61.09,1080,37.55,"Dec 13, 2022, 10:49PM",Beto O'Rourke,677
DONLEY,2225,0.5357303370786517,1033,97,8.14,1084,90.94,"Dec 13, 2022, 10:49PM",Greg Abbott,987
DUVAL,8129,0.45220814368310985,4453,2018,54.9,1600,43.53,"Dec 13, 2022, 10:49PM",Beto O'Rourke,418
EASTLAND,12282,0.5007327796775769,6132,634,10.31,5468,88.91,"Dec 13, 2022, 10:49PM",Greg Abbott,4834
ECTOR,83323,0.3054258728082282,57874,5950,23.38,19212,75.49,"Dec 13, 2022, 10:49PM",Greg Abbott,13262
EDWARDS,1461,0.5571526351813826,647,99,12.16,712,87.47,"Dec 13, 2022, 10:49PM",Greg Abbott,613
ELLIS,131057,0.5171032451528724,63287,21338,31.49,45564,67.23,"Dec 13, 2022, 10:49PM",Greg Abbott,24226
EL PASO,506554,0.3266107858194783,341108,105156,63.56,57573,34.8,"Dec 13, 2022, 10:49PM",Beto O'Rourke,47583
ERATH,24860,0.5275543041029767,11745,1976,15.07,10956,83.54,"Dec 13, 2022, 10:49PM",Greg Abbott,8980
FALLS,10302,0.4565132983886624,5599,1168,24.84,3480,74.0,"Dec 13, 2022, 10:49PM",Greg Abbott,2312
FANNIN,23363,0.49929375508282325,11698,1831,15.7,9694,83.1,"Dec 13, 2022, 10:49PM",Greg Abbott,7863
FAYETTE,17810,0.5895564289724874,7310,1748,16.65,8649,82.37,"Dec 13, 2022, 10:49PM",Greg Abbott,6901
FISHER,2681,0.5225662066393136,1280,210,14.99,1172,83.65,"Dec 13, 2022, 10:49PM",Greg Abbott,962
FLOYD,3669,0.39983646770237125,2202,201,13.7,1250,85.21,"Dec 13, 2022, 10:49PM",Greg Abbott,1049
FOARD,824,0.6419902912621359,295,69,13.04,452,85.44,"Dec 13, 2022, 10:49PM",Greg Abbott,383
FORT BEND,521611,0.4794109019940147,271545,129116,51.63,117249,46.89,"Dec 13, 2022, 10:49PM",Beto O'Rourke,11867
FRANKLIN,7228,0.5419203099059214,3311,512,13.07,3369,86.01,"Dec 13, 2022, 10:49PM",Greg Abbott,2857
FREESTONE,12749,0.5224723507726096,6088,991,14.88,5600,84.07,"Dec 13, 2022, 10:49PM",Greg Abbott,4609
FRIO,9114,0.40904103576914635,5386,1791,48.04,1872,50.21,"Dec 13, 2022, 10:49PM",Greg Abbott,81
GAINES,9897,0.41558047893301,5784,311,7.56,3761,91.44,"Dec 13, 2022, 10:49PM",Greg Abbott,3450
GALVESTON,235262,0.4706837483316473,124528,40229,36.33,68822,62.15,"Dec 13, 2022, 10:49PM",Greg Abbott,28593
GARZA,2659,0.45129748025573524,1459,135,11.25,1056,88.0,"Dec 13, 2022, 10:49PM",Greg Abbott,921
GILLESPIE,21123,0.6338588268711831,7734,2421,18.08,10801,80.67,"Dec 13, 2022, 10:49PM",Greg Abbott,8380
GLASSCOCK,813,0.7035670356703567,241,27,4.72,542,94.76,"Dec 13, 2022, 10:49PM",Greg Abbott,515
GOLIAD,5771,0.5832611332524692,2405,663,19.7,2664,79.14,"Dec 13, 2022, 10:49PM",Greg Abbott,2001
GONZALES,12685,0.43878596767836026,7119,1129,20.28,4369,78.49,"Dec 13, 2022, 10:49PM",Greg Abbott,3240
GRAY,12611,0.44072635001189436,7053,478,8.6,5013,90.19,"Dec 13, 2022, 10:49PM",Greg Abbott,4535
GRAYSON,92038,0.4888307003628936,47047,9563,21.26,34903,77.58,"Dec 13, 2022, 10:49PM",Greg Abbott,25340
GREGG,73931,0.4492702655178477,40716,8662,26.08,24223,72.93,"Dec 13, 2022, 10:49PM",Greg Abbott,15561
GRIMES,19170,0.492018779342723,9738,1732,18.36,7607,80.65,"Dec 13, 2022, 10:49PM",Greg Abbott,5875
GUADALUPE,119523,0.47858571153669166,62321,19356,33.84,36882,64.48,"Dec 13, 2022, 10:49PM",Greg Abbott,17526
HALE,18458,0.3428865532560407,12129,1165,18.41,5094,80.49,"Dec 13, 2022, 10:49PM",Greg Abbott,3929
HALL,1832,0.4787117903930131,955,94,10.72,772,88.03,"Dec 13, 2022, 10:49PM",Greg Abbott,678
HAMILTON,5964,0.5828303152246814,2488,433,12.46,3006,86.48,"Dec 13, 2022, 10:49PM",Greg Abbott,2573
HANSFORD,2970,0.5124579124579125,1448,91,5.98,1419,93.23,"Dec 13, 2022, 10:49PM",Greg Abbott,1328
HARDEMAN,2459,0.4005693371289142,1474,114,11.57,866,87.92,"Dec 13, 2022, 10:49PM",Greg Abbott,752
HARDIN,41408,0.47403883307573413,21779,2035,10.37,17447,88.88,"Dec 13, 2022, 10:49PM",Greg Abbott,15412
HARRIS,2568463,0.4292131130563298,1466045,595653,54.03,490261,44.47,"Dec 13, 2022, 10:49PM",Beto O'Rourke,105392
HARRISON,45789,0.46640022712878637,24433,4688,21.95,16472,77.13,"Dec 13, 2022, 10:49PM",Greg Abbott,11784
HARTLEY,2682,0.586875466070097,1108,96,6.1,1463,92.95,"Dec 13, 2022, 10:49PM",Greg Abbott,1367
HASKELL,3375,0.4948148148148148,1705,191,11.44,1465,87.72,"Dec 13, 2022, 10:49PM",Greg Abbott,1274
HAYS,167750,0.5346229508196721,78067,48970,54.6,39085,43.58,"Dec 13, 2022, 10:49PM",Beto O'Rourke,9885
HEMPHILL,2303,0.5909683022145028,942,138,10.14,1198,88.02,"Dec 13, 2022, 10:49PM",Greg Abbott,1060
HENDERSON,58253,0.480696273153314,30251,4798,17.13,22909,81.81,"Dec 13, 2022, 10:49PM",Greg Abbott,18111
HIDALGO,416978,0.33861738508986083,275782,82671,58.55,56783,40.22,"Dec 13, 2022, 10:49PM",Beto O'Rourke,25888
HILL,25006,0.4552907302247461,13621,1830,16.07,9418,82.72,"Dec 13, 2022, 10:49PM",Greg Abbott,7588
HOCKLEY,13510,0.40940044411547,7979,786,14.21,4690,84.79,"Dec 13, 2022, 10:49PM",Greg Abbott,3904
HOOD,48651,0.5596596164518715,21423,4301,15.8,22596,82.99,"Dec 13, 2022, 10:49PM",Greg Abbott,18295
HOPKINS,24724,0.49955508817343475,12373,1999,16.18,10223,82.77,"Dec 13, 2022, 10:49PM",Greg Abbott,8224
HOUSTON,13472,0.5332541567695962,6288,1399,19.47,5726,79.7,"Dec 13, 2022, 10:49PM",Greg Abbott,4327
HOWARD,16934,0.3878587457186725,10366,1077,16.4,5367,81.71,"Dec 13, 2022, 10:49PM",Greg Abbott,4290
HUDSPETH,2097,0.43204577968526464,1191,270,29.8,606,66.89,"Dec 13, 2022, 10:49PM",Greg Abbott,336
HUNT,64334,0.47471010663101937,33794,6422,21.03,23744,77.75,"Dec 13, 2022, 10:49PM",Greg Abbott,17322
HUTCHINSON,13333,0.45466136653416334,7271,540,8.91,5437,89.69,"Dec 13, 2022, 10:49PM",Greg Abbott,4897
IRION,1229,0.565500406834825,534,70,10.07,618,88.92,"Dec 13, 2022, 10:49PM",Greg Abbott,548
JACK,5603,0.5341781188648939,2610,227,7.58,2744,91.68,"Dec 13, 2022, 10:49PM",Greg Abbott,2517
JACKSON,9552,0.4812604690117253,4955,550,11.96,4013,87.3,"Dec 13, 2022, 10:49PM",Greg Abbott,3463
JASPER,23739,0.47933779855933273,12360,1601,14.07,9701,85.25,"Dec 13, 2022, 10:49PM",Greg Abbott,8100
JEFF DAVIS,1584,0.6628787878787878,534,374,35.62,641,61.05,"Dec 13, 2022, 10:49PM",Greg Abbott,267
JEFFERSON,147873,0.42232861982917774,85422,26641,42.66,34988,56.02,"Dec 13, 2022, 10:49PM",Greg Abbott,8347
JIM HOGG,3702,0.4165316045380875,2160,876,56.81,650,42.15,"Dec 13, 2022, 10:49PM",Beto O'Rourke,226
JIM WELLS,26593,0.35885383371563945,17050,4375,45.85,5063,53.05,"Dec 13, 2022, 10:49PM",Greg Abbott,688
JOHNSON,116736,0.4785498903508772,60872,12266,21.96,42954,76.89,"Dec 13, 2022, 10:49PM",Greg Abbott,30688
JONES,10294,0.4849426850592578,5302,581,11.64,4349,87.12,"Dec 13, 2022, 10:49PM",Greg Abbott,3768
KARNES,8351,0.45719075559813194,4533,776,20.32,3007,78.76,"Dec 13, 2022, 10:49PM",Greg Abbott,2231
KAUFMAN,93515,0.4580120836229482,50684,14024,32.74,28306,66.09,"Dec 13, 2022, 10:49PM",Greg Abbott,14282
KENDALL,36571,0.6168001968773071,14014,4506,19.98,17719,78.55,"Dec 13, 2022, 10:49PM",Greg Abbott,13213
KENEDY,301,0.5083056478405316,148,42,27.45,109,71.24,"Dec 13, 2022, 10:49PM",Greg Abbott,67
KENT,588,0.5952380952380952,238,34,9.71,312,89.14,"Dec 13, 2022, 10:49PM",Greg Abbott,278
KERR,39036,0.5758786760938621,16556,4648,20.68,17524,77.95,"Dec 13, 2022, 10:49PM",Greg Abbott,12876
KIMBLE,3174,0.591052299936988,1298,188,10.02,1666,88.81,"Dec 13, 2022, 10:49PM",Greg Abbott,1478
KING,158,0.6518987341772152,55,3,2.91,100,97.09,"Dec 13, 2022, 10:49PM",Greg Abbott,97
KINNEY,2183,0.5469537333944113,989,258,21.61,907,75.96,"Dec 13, 2022, 10:49PM",Greg Abbott,649
KLEBERG,18605,0.4100510615425961,10976,3463,45.39,4074,53.4,"Dec 13, 2022, 10:49PM",Greg Abbott,611
KNOX,2176,0.47794117647058826,1136,140,13.46,889,85.48,"Dec 13, 2022, 10:49PM",Greg Abbott,749
LAMAR,32359,0.47411848326586115,17017,2657,17.32,12521,81.61,"Dec 13, 2022, 10:49PM",Greg Abbott,9864
LAMB,7864,0.3916581892166836,4784,419,13.6,2628,85.32,"Dec 13, 2022, 10:49PM",Greg Abbott,2209
LAMPASAS,15904,0.5188003018108652,7653,1502,18.2,6625,80.29,"Dec 13, 2022, 10:49PM",Greg Abbott,5123
LA SALLE,4311,0.3333333333333333,2874,662,46.07,761,52.96,"Dec 13, 2022, 10:49PM",Greg Abbott,99
LAVACA,13986,0.586944086944087,5777,759,9.25,7380,89.9,"Dec 13, 2022, 10:49PM",Greg Abbott,6621
LEE,11539,0.544414593985614,5257,1095,17.43,5108,81.31,"Dec 13, 2022, 10:49PM",Greg Abbott,4013
LEON,11896,0.5769166106254203,5033,698,10.17,6082,88.62,"Dec 13, 2022, 10:49PM",Greg Abbott,5384
LIBERTY,49826,0.3972022638782965,30035,3488,17.62,16080,81.25,"Dec 13, 2022, 10:49PM",Greg Abbott,12592
LIMESTONE,13952,0.4910407110091743,7101,1366,19.94,5390,78.67,"Dec 13, 2022, 10:49PM",Greg Abbott,4024
LIPSCOMB,1901,0.5139400315623356,924,69,7.06,894,91.5,"Dec 13, 2022, 10:49PM",Greg Abbott,825
LIVE OAK,7677,0.5210368633580826,3677,545,13.62,3424,85.6,"Dec 13, 2022, 10:49PM",Greg Abbott,2879
LLANO,17557,0.6281824913140058,6528,1920,17.41,8977,81.39,"Dec 13, 2022, 10:49PM",Greg Abbott,7057
LOVING,109,0.7247706422018348,30,6,7.59,70,88.61,"Dec 13, 2022, 10:49PM",Greg Abbott,64
LUBBOCK,187728,0.4462200630699736,103960,24497,29.24,58163,69.43,"Dec 13, 2022, 10:49PM",Greg Abbott,33666
LYNN,4098,0.4214250854075159,2371,196,11.35,1502,86.97,"Dec 13, 2022, 10:49PM",Greg Abbott,1306
MADISON,8148,0.4795041728031419,4241,595,15.23,3272,83.75,"Dec 13, 2022, 10:49PM",Greg Abbott,2677
MARION,7630,0.4327653997378768,4328,700,21.2,2557,77.44,"Dec 13, 2022, 10:49PM",Greg Abbott,1857
MARTIN,3350,0.4501492537313433,1842,149,9.88,1341,88.93,"Dec 13, 2022, 10:49PM",Greg Abbott,1192
MASON,3184,0.6253140703517588,1193,268,13.46,1703,85.53,"Dec 13, 2022, 10:49PM",Greg Abbott,1435
MATAGORDA,21681,0.4483649278169826,11960,2273,23.38,7350,75.61,"Dec 13, 2022, 10:49PM",Greg Abbott,5077
MAVERICK,34073,0.28124908285152467,24490,5555,57.97,3862,40.3,"Dec 13, 2022, 10:49PM",Beto O'Rourke,1693
MCCULLOCH,5396,0.4749814677538918,2833,314,12.25,2221,86.66,"Dec 13, 2022, 10:49PM",Greg Abbott,1907
MCLENNAN,154088,0.47109443954104147,81498,23765,32.74,47875,65.95,"Dec 13, 2022, 10:49PM",Greg Abbott,24110
MCMULLEN,660,0.5636363636363636,288,28,7.53,343,92.2,"Dec 13, 2022, 10:49PM",Greg Abbott,315
MEDINA,35611,0.4876583078262335,18245,4591,26.44,12601,72.56,"Dec 13, 2022, 10:49PM",Greg Abbott,8010
MENARD,1420,0.545774647887324,645,110,14.19,659,85.03,"Dec 13, 2022, 10:49PM",Greg Abbott,549
MIDLAND,96512,0.4150053879310345,56459,7154,17.86,32389,80.87,"Dec 13, 2022, 10:49PM",Greg Abbott,25235
MILAM,16380,0.5102564102564102,8022,1559,18.65,6717,80.37,"Dec 13, 2022, 10:49PM",Greg Abbott,5158
MILLS,3455,0.6138929088277858,1334,198,9.34,1894,89.3,"Dec 13, 2022, 10:49PM",Greg Abbott,1696
MITCHELL,4469,0.398523159543522,2688,185,10.39,1576,88.49,"Dec 13, 2022, 10:49PM",Greg Abbott,1391
MONTAGUE,14661,0.5355705613532501,6809,765,9.74,7004,89.2,"Dec 13, 2022, 10:49PM",Greg Abbott,6239
MONTGOMERY,409759,0.50774967724931,201704,52654,25.31,152694,73.39,"Dec 13, 2022, 10:49PM",Greg Abbott,100040
MOORE,9941,0.36243838648023335,6338,479,13.29,3081,85.51,"Dec 13, 2022, 10:49PM",Greg Abbott,2602
MORRIS,8708,0.4588883785025264,4712,921,23.05,3041,76.1,"Dec 13, 2022, 10:49PM",Greg Abbott,2120
MOTLEY,822,0.6131386861313869,318,18,3.57,482,95.63,"Dec 13, 2022, 10:49PM",Greg Abbott,464
NACOGDOCHES,39321,0.48193077490399533,20371,5480,28.92,13248,69.91,"Dec 13, 2022, 10:49PM",Greg Abbott,7768
NAVARRO,31135,0.4539264493335475,17002,3157,22.34,10830,76.63,"Dec 13, 2022, 10:49PM",Greg Abbott,7673
NEWTON,9376,0.4664035836177474,5003,689,15.76,3660,83.7,"Dec 13, 2022, 10:49PM",Greg Abbott,2971
NOLAN,8751,0.4345789052679694,4948,647,17.01,3093,81.33,"Dec 13, 2022, 10:49PM",Greg Abbott,2446
NUECES,213925,0.41744069183124927,124624,40474,45.32,47567,53.27,"Dec 13, 2022, 10:49PM",Greg Abbott,7093
OCHILTREE,5135,0.4140214216163583,3009,135,6.35,1975,92.9,"Dec 13, 2022, 10:49PM",Greg Abbott,1840
OLDHAM,1318,0.5842185128983308,548,50,6.49,710,92.21,"Dec 13, 2022, 10:49PM",Greg Abbott,660
ORANGE,55008,0.45627908667830136,29909,3722,14.83,21153,84.28,"Dec 13, 2022, 10:49PM",Greg Abbott,17431
PALO PINTO,19390,0.4893759669932955,9901,1486,15.66,7896,83.21,"Dec 13, 2022, 10:49PM",Greg Abbott,6410
PANOLA,17176,0.4839892873777364,8863,1213,14.59,7039,84.67,"Dec 13, 2022, 10:49PM",Greg Abbott,5826
PARKER,115621,0.5486633051089335,52184,10123,15.96,52523,82.8,"Dec 13, 2022, 10:49PM",Greg Abbott,42400
PARMER,4452,0.3971248876909254,2684,202,11.43,1546,87.44,"Dec 13, 2022, 10:49PM",Greg Abbott,1344
PECOS,8210,0.44847746650426307,4528,1043,28.33,2548,69.2,"Dec 13, 2022, 10:49PM",Greg Abbott,1505
POLK,42228,0.39727195225916456,25452,3229,19.25,13377,79.74,"Dec 13, 2022, 10:49PM",Greg Abbott,10148
POTTER,58048,0.37565463065049615,36242,5361,24.58,16082,73.75,"Dec 13, 2022, 10:49PM",Greg Abbott,10721
PRESIDIO,4399,0.39190725164810186,2675,1133,65.72,561,32.54,"Dec 13, 2022, 10:49PM",Beto O'Rourke,572
RAINS,8775,0.5683190883190883,3788,596,11.95,4339,87.01,"Dec 13, 2022, 10:49PM",Greg Abbott,3743
RANDALL,95933,0.5005472569397392,47914,8228,17.13,39243,81.72,"Dec 13, 2022, 10:49PM",Greg Abbott,31015
REAGAN,1816,0.394273127753304,1100,90,12.57,616,86.03,"Dec 13, 2022, 10:49PM",Greg Abbott,526
REAL,2716,0.5776877761413843,1147,218,13.89,1337,85.21,"Dec 13, 2022, 10:49PM",Greg Abbott,1119
RED RIVER,8621,0.4957661524185129,4347,764,17.88,3482,81.47,"Dec 13, 2022, 10:49PM",Greg Abbott,2718
REEVES,7486,0.2908095110873631,5309,801,36.79,1341,61.6,"Dec 13, 2022, 10:49PM",Greg Abbott,540
REFUGIO,4913,0.47140240179116627,2597,639,27.59,1658,71.59,"Dec 13, 2022, 10:49PM",Greg Abbott,1019
ROBERTS,699,0.6351931330472103,255,7,1.58,430,96.85,"Dec 13, 2022, 10:49PM",Greg Abbott,423
ROBERTSON,12001,0.5013748854262144,5984,1293,21.49,4643,77.16,"Dec 13, 2022, 10:49PM",Greg Abbott,3350
ROCKWALL,79059,0.5422659026802767,36188,12132,28.3,30211,70.47,"Dec 13, 2022, 10:49PM",Greg Abbott,18079
RUNNELS,6723,0.4810352521195895,3489,277,8.57,2924,90.41,"Dec 13, 2022, 10:49PM",Greg Abbott,2647
RUSK,32951,0.4742799915025341,17323,2697,17.26,12762,81.66,"Dec 13, 2022, 10:49PM",Greg Abbott,10065
SABINE,8215,0.5069993913572732,4050,385,9.24,3755,90.16,"Dec 13, 2022, 10:49PM",Greg Abbott,3370
SAN AUGUSTINE,6052,0.4733972240581626,3187,546,19.06,2288,79.86,"Dec 13, 2022, 10:49PM",Greg Abbott,1742
SAN JACINTO,19809,0.48205361199454794,10260,1540,16.13,7882,82.54,"Dec 13, 2022, 10:49PM",Greg Abbott,6342
SAN PATRICIO,44067,0.40615426509633057,26169,5643,31.53,12028,67.2,"Dec 13, 2022, 10:49PM",Greg Abbott,6385
SAN SABA,3780,0.5727513227513228,1615,200,9.24,1947,89.93,"Dec 13, 2022, 10:49PM",Greg Abbott,1747
SCHLEICHER,1700,0.5929411764705882,692,159,15.77,834,82.74,"Dec 13, 2022, 10:49PM",Greg Abbott,675
SCURRY,9315,0.4431561996779388,5187,480,11.63,3607,87.38,"Dec 13, 2022, 10:49PM",Greg Abbott,3127
SHACKELFORD,2329,0.5319879776728209,1090,81,6.54,1148,92.66,"Dec 13, 2022, 10:49PM",Greg Abbott,1067
SHELBY,15922,0.4353724406481598,8990,1045,15.08,5846,84.33,"Dec 13, 2022, 10:49PM",Greg Abbott,4801
SHERMAN,1380,0.5130434782608696,672,35,4.94,665,93.93,"Dec 13, 2022, 10:49PM",Greg Abbott,630
SMITH,153936,0.49514083775075357,77716,18763,24.62,56608,74.27,"Dec 13, 2022, 10:49PM",Greg Abbott,37845
SOMERVELL,6995,0.5775553967119371,2955,553,13.69,3430,84.9,"Dec 13, 2022, 10:49PM",Greg Abbott,2877
STARR,34065,0.32634669015118156,22948,6455,58.06,4460,40.12,"Dec 13, 2022, 10:49PM",Beto O'Rourke,1995
STEPHENS,5712,0.4805672268907563,2967,217,7.91,2511,91.48,"Dec 13, 2022, 10:49PM",Greg Abbott,2294
STERLING,775,0.5780645161290323,327,20,4.46,423,94.42,"Dec 13, 2022, 10:49PM",Greg Abbott,403
STONEWALL,929,0.6081808396124866,364,70,12.39,492,87.08,"Dec 13, 2022, 10:49PM",Greg Abbott,422
SUTTON,2333,0.4980711530218603,1171,178,15.32,970,83.48,"Dec 13, 2022, 10:49PM",Greg Abbott,792
SWISHER,3853,0.4323903451855697,2187,238,14.29,1399,83.97,"Dec 13, 2022, 10:49PM",Greg Abbott,1161
TARRANT,1260870,0.4690158382704006,669502,279423,47.25,303600,51.34,"Dec 13, 2022, 10:49PM",Greg Abbott,24177
TAYLOR,86089,0.45828154584209363,46636,8888,22.53,30030,76.12,"Dec 13, 2022, 10:49PM",Greg Abbott,21142
TERRELL,629,0.6772655007949125,203,94,22.07,326,76.53,"Dec 13, 2022, 10:49PM",Greg Abbott,232
TERRY,6354,0.40761724897702234,3764,377,14.56,2167,83.67,"Dec 13, 2022, 10:49PM",Greg Abbott,1790
THROCKMORTON,1218,0.5476190476190477,551,51,7.65,612,91.75,"Dec 13, 2022, 10:49PM",Greg Abbott,561
TITUS,17740,0.412739571589628,10418,1535,20.96,5701,77.86,"Dec 13, 2022, 10:49PM",Greg Abbott,4166
TOM GREEN,70922,0.44904261019147795,39075,7516,23.6,23873,74.96,"Dec 13, 2022, 10:49PM",Greg Abbott,16357
TRAVIS,886480,0.5199203591733598,425581,334667,72.61,119321,25.89,"Dec 13, 2022, 10:49PM",Beto O'Rourke,215346
TRINITY,11650,0.4584549356223176,6309,825,15.45,4465,83.6,"Dec 13, 2022, 10:49PM",Greg Abbott,3640
TYLER,14510,0.49937973811164715,7264,816,11.26,6343,87.54,"Dec 13, 2022, 10:49PM",Greg Abbott,5527
UPSHUR,28969,0.4925264938382409,14701,1856,13.01,12270,86.0,"Dec 13, 2022, 10:49PM",Greg Abbott,10414
UPTON,2152,0.491635687732342,1094,124,11.72,908,85.82,"Dec 13, 2022, 10:49PM",Greg Abbott,784
UVALDE,17462,0.45504524109494904,9516,3048,38.36,4779,60.14,"Dec 13, 2022, 10:49PM",Greg Abbott,1731
VAL VERDE,29351,0.32397533303805665,19842,3814,40.11,5530,58.16,"Dec 13, 2022, 10:49PM",Greg Abbott,1716
VAN ZANDT,39954,0.5100615708064274,19575,2414,11.85,17773,87.21,"Dec 13, 2022, 10:49PM",Greg Abbott,15359
VICTORIA,56411,0.4482813635638439,31123,6452,25.51,18519,73.23,"Dec 13, 2022, 10:49PM",Greg Abbott,12067
WALKER,36058,0.48227855122302954,18668,4861,27.95,12309,70.78,"Dec 13, 2022, 10:49PM",Greg Abbott,7448
WALLER,37595,0.4443144035111052,20891,5100,30.53,11381,68.13,"Dec 13, 2022, 10:49PM",Greg Abbott,6281
WARD,6914,0.3641886028348279,4396,418,16.6,2065,82.01,"Dec 13, 2022, 10:49PM",Greg Abbott,1647
WASHINGTON,24644,0.5669534166531407,10672,2824,20.21,10965,78.48,"Dec 13, 2022, 10:49PM",Greg Abbott,8141
WEBB,143148,0.3123760024589935,98432,27156,60.73,16409,36.7,"Dec 13, 2022, 10:49PM",Beto O'Rourke,10747
WHARTON,25890,0.469447663190421,13736,2697,22.19,9354,76.96,"Dec 13, 2022, 10:49PM",Greg Abbott,6657
WHEELER,3344,0.5041866028708134,1658,103,6.11,1569,93.06,"Dec 13, 2022, 10:49PM",Greg Abbott,1466
WICHITA,78794,0.4014391958778587,47163,7824,24.74,23328,73.75,"Dec 13, 2022, 10:49PM",Greg Abbott,15504
WILBARGER,8360,0.3770334928229665,5208,517,16.4,2606,82.68,"Dec 13, 2022, 10:49PM",Greg Abbott,2089
WILLACY,11728,0.3274215552523875,7888,2138,55.68,1656,43.12,"Dec 13, 2022, 10:49PM",Beto O'Rourke,482
WILLIAMSON,415096,0.5433755083161486,189543,110242,48.88,111488,49.43,"Dec 13, 2022, 10:49PM",Greg Abbott,1246
WILSON,37022,0.5257954729620226,17556,4317,22.18,14952,76.81,"Dec 13, 2022, 10:49PM",Greg Abbott,10635
WINKLER,3984,0.33157630522088355,2663,177,13.4,1130,85.54,"Dec 13, 2022, 10:49PM",Greg Abbott,953
WISE,49888,0.517579377806286,24067,3538,13.7,21979,85.12,"Dec 13, 2022, 10:49PM",Greg Abbott,18441
WOOD,32804,0.5539873186196805,14631,2331,12.83,15678,86.27,"Dec 13, 2022, 10:49PM",Greg Abbott,13347
YOAKUM,4264,0.38367729831144465,2628,190,11.61,1427,87.22,"Dec 13, 2022, 10:49PM",Greg Abbott,1237
YOUNG,11884,0.5212049814877145,5690,630,10.17,5498,88.76,"Dec 13, 2022, 10:49PM",Greg Abbott,4868
ZAPATA,7886,0.436596500126807,4443,1585,46.04,1817,52.77,"Dec 13, 2022, 10:49PM",Greg Abbott,232
ZAVALA,7817,0.3134194703850582,5367,1642,67.02,780,31.84,"Dec 13, 2022, 10:49PM",Beto O'Rourke,862
